date,n_names
2024-02-01,0
2024-02-02,0
2024-02-05,468
2024-02-06,468
2024-02-07,468
2024-02-08,468
2024-02-09,468
2024-02-12,468
2024-02-13,468
2024-02-14,468
2024-02-15,468
2024-02-16,468
2024-02-19,468
2024-02-20,468
2024-02-21,468
2024-02-22,468
2024-02-23,468
2024-02-26,468
2024-02-27,468
2024-02-28,468
2024-02-29,468
2024-03-01,468
2024-03-04,468
2024-03-05,468
2024-03-06,468
2024-03-07,468
2024-03-08,468
2024-03-11,468
2024-03-12,468
2024-03-13,468
2024-03-14,468
2024-03-15,468
2024-03-18,470
2024-03-19,470
2024-03-20,470
2024-03-21,470
2024-03-22,470
2024-03-25,470
2024-03-26,470
2024-03-27,470
2024-03-28,470
2024-03-29,470
2024-04-01,471
2024-04-02,472
2024-04-03,472
2024-04-04,472
2024-04-05,472
2024-04-08,472
2024-04-09,472
2024-04-10,472
2024-04-11,472
2024-04-12,472
2024-04-15,472
2024-04-16,472
2024-04-17,472
2024-04-18,472
2024-04-19,472
2024-04-22,472
2024-04-23,472
2024-04-24,472
2024-04-25,472
2024-04-26,472
2024-04-29,472
2024-04-30,472
2024-05-01,472
2024-05-02,472
2024-05-03,472
2024-05-06,472
2024-05-07,472
2024-05-08,473
2024-05-09,473
2024-05-10,473
2024-05-13,473
2024-05-14,473
2024-05-15,473
2024-05-16,473
2024-05-17,473
2024-05-20,473
2024-05-21,473
2024-05-22,473
2024-05-23,473
2024-05-24,473
2024-05-27,473
2024-05-28,473
2024-05-29,473
2024-05-30,473
2024-05-31,473
2024-06-03,473
2024-06-04,473
2024-06-05,473
2024-06-06,473
2024-06-07,473
2024-06-10,473
2024-06-11,473
2024-06-12,473
2024-06-13,473
2024-06-14,473
2024-06-17,473
2024-06-18,473
2024-06-19,473
2024-06-20,473
2024-06-21,473
2024-06-24,476
2024-06-25,476
2024-06-26,476
2024-06-27,476
2024-06-28,476
2024-07-01,476
2024-07-02,476
2024-07-03,476
2024-07-04,476
2024-07-05,476
2024-07-08,477
2024-07-09,477
2024-07-10,477
2024-07-11,477
2024-07-12,477
2024-07-15,477
2024-07-16,477
2024-07-17,477
2024-07-18,477
2024-07-19,477
2024-07-22,477
2024-07-23,477
2024-07-24,477
2024-07-25,477
2024-07-26,477
2024-07-29,477
2024-07-30,477
2024-07-31,477
2024-08-01,477
2024-08-02,477
2024-08-05,477
2024-08-06,477
2024-08-07,477
2024-08-08,477
2024-08-09,477
2024-08-12,477
2024-08-13,477
2024-08-14,477
2024-08-15,477
2024-08-16,477
2024-08-19,477
2024-08-20,477
2024-08-21,477
2024-08-22,477
2024-08-23,477
2024-08-26,477
2024-08-27,477
2024-08-28,477
2024-08-29,477
2024-08-30,477
2024-09-02,477
2024-09-03,477
2024-09-04,477
2024-09-05,477
2024-09-06,477
2024-09-09,477
2024-09-10,477
2024-09-11,477
2024-09-12,477
2024-09-13,477
2024-09-16,477
2024-09-17,477
2024-09-18,477
2024-09-19,477
2024-09-20,477
2024-09-23,480
2024-09-24,480
2024-09-25,480
2024-09-26,480
2024-09-27,480
2024-09-30,480
2024-10-01,480
2024-10-02,480
2024-10-03,480
2024-10-04,480
2024-10-07,480
2024-10-08,480
2024-10-09,480
2024-10-10,480
2024-10-11,480
2024-10-14,480
2024-10-15,480
2024-10-16,480
2024-10-17,480
2024-10-18,480
2024-10-21,480
2024-10-22,480
2024-10-23,480
2024-10-24,480
2024-10-25,480
2024-10-28,480
2024-10-29,480
2024-10-30,480
2024-10-31,480
2024-11-01,480
2024-11-04,480
2024-11-05,480
2024-11-06,480
2024-11-07,480
2024-11-08,480
2024-11-11,480
2024-11-12,480
2024-11-13,480
2024-11-14,480
2024-11-15,480
2024-11-18,480
2024-11-19,480
2024-11-20,480
2024-11-21,480
2024-11-22,480
2024-11-25,480
2024-11-26,481
2024-11-27,481
2024-11-28,481
2024-11-29,481
2024-12-02,481
2024-12-03,481
2024-12-04,481
2024-12-05,481
2024-12-06,481
2024-12-09,481
2024-12-10,481
2024-12-11,481
2024-12-12,481
2024-12-13,481
2024-12-16,481
2024-12-17,481
2024-12-18,481
2024-12-19,481
2024-12-20,481
2024-12-23,484
2024-12-24,484
2024-12-25,484
2024-12-26,484
2024-12-27,484
2024-12-30,484
2024-12-31,484
